SUMLEV,STATE,COUNTY,PLACE,COUSUB,CONCIT,PRIMGEO_FLAG,FUNCSTAT,NAME,STNAME,CENSUS2010POP,ESTIMATESBASE2010,POPESTIMATE2010,POPESTIMATE2011,POPESTIMATE2012,POPESTIMATE2013,POPESTIMATE2014,POPESTIMATE2015
040,01,000,00000,00000,00000,0,A,Alabama,Alabama,4779736,4780127,4785161,4801108,4816089,4830533,4846411,4858979
162,01,000,00124,00000,00000,0,A,Abbeville city,Alabama,2688,2688,2682,2686,2649,2634,2622,2620
162,01,000,00460,00000,00000,0,A,Adamsville city,Alabama,4522,4522,4516,4496,4473,4449,4432,4400
162,01,000,00484,00000,00000,0,A,Addison town,Alabama,758,756,754,753,748,748,747,741
162,01,000,00676,00000,00000,0,A,Akron town,Alabama,356,356,355,345,345,342,338,337
162,01,000,00820,00000,00000,0,A,Alabaster city,Alabama,30352,30986,31095,31281,31587,31890,32115,32707
162,01,000,00988,00000,00000,0,A,Albertville city,Alabama,21160,21127,21151,21341,21397,21423,21394,21462
162,01,000,01132,00000,00000,0,A,Alexander City city,Alabama,14875,14875,14834,14822,14734,14841,14830,14718
162,01,000,01228,00000,00000,0,A,Aliceville city,Alabama,2486,2481,2478,2431,2430,2409,2385,2381
162,01,000,01396,00000,00000,0,A,Allgood town,Alabama,622,622,623,627,628,628,627,628
162,01,000,01660,00000,00000,0,A,Altoona town,Alabama,933,937,937,935,934,931,927,924
162,01,000,01708,00000,00000,0,A,Andalusia city,Alabama,9015,9015,9025,9094,9037,9045,9075,9063
162,01,000,01756,00000,00000,0,A,Anderson town,Alabama,282,282,282,281,280,279,279,278
162,01,000,01852,00000,00000,0,A,Anniston city,Alabama,23106,23120,23070,22909,22761,22616,22474,22347
162,01,000,02116,00000,00000,0,A,Arab city,Alabama,8050,8087,8102,8187,8232,8259,8259,8295
162,01,000,02260,00000,00000,0,A,Ardmore town,Alabama,1194,1194,1203,1248,1276,1305,1340,1357
162,01,000,02320,00000,00000,0,A,Argo town,Alabama,4071,4071,4079,4094,4127,4179,4181,4196
162,01,000,02428,00000,00000,0,A,Ariton town,Alabama,764,762,763,756,759,750,745,746
162,01,000,02500,00000,00000,0,A,Arley town,Alabama,357,359,358,358,355,355,355,352
162,01,000,02836,00000,00000,0,A,Ashford town,Alabama,2148,2139,2142,2152,2168,2158,2162,2158
162,01,000,02860,00000,00000,0,A,Ashland town,Alabama,2037,2037,2030,2003,1972,1972,1982,1983
162,01,000,02908,00000,00000,0,A,Ashville city,Alabama,2212,2212,2216,2219,2229,2253,2252,2256
162,01,000,02956,00000,00000,0,A,Athens city,Alabama,21897,21891,22012,22806,23438,23909,24504,24966
162,01,000,03004,00000,00000,0,A,Atmore city,Alabama,10194,10194,10191,10152,10114,10023,10059,10049
162,01,000,03028,00000,00000,0,A,Attalla city,Alabama,6048,6048,6045,6019,6005,5971,5935,5899
162,01,000,03076,00000,00000,0,A,Auburn city,Alabama,53380,53393,53746,54959,56994,58865,60562,62059
162,01,000,03220,00000,00000,0,A,Autaugaville town,Alabama,870,879,880,882,878,861,862,859
162,01,000,03364,00000,00000,0,A,Avon town,Alabama,543,543,544,543,544,538,535,530
162,01,000,03556,00000,00000,0,A,Babbie town,Alabama,603,603,604,608,605,606,607,606
162,01,000,03676,00000,00000,0,A,Baileyton town,Alabama,610,614,614,615,613,616,619,625
162,01,000,03724,00000,00000,0,A,Bakerhill town,Alabama,279,279,278,275,273,270,269,265
162,01,000,03940,00000,00000,0,A,Banks town,Alabama,179,179,179,179,180,176,174,174
162,01,000,04660,00000,00000,0,A,Bay Minette city,Alabama,8044,8318,8347,8495,8637,8916,9037,9118
162,01,000,04684,00000,00000,0,A,Bayou La Batre city,Alabama,2558,2553,2690,2669,2651,2639,2630,2621
162,01,000,04852,00000,00000,0,A,Bear Creek town,Alabama,1070,1068,1069,1065,1058,1050,1050,1047
162,01,000,04900,00000,00000,0,A,Beatrice town,Alabama,301,302,301,299,296,291,288,285
162,01,000,04948,00000,00000,0,A,Beaverton town,Alabama,201,195,194,191,191,190,189,187
162,01,000,05164,00000,00000,0,A,Belk town,Alabama,215,215,215,213,212,211,211,210
162,01,000,05692,00000,00000,0,A,Benton town,Alabama,49,49,49,48,47,47,46,46
162,01,000,05932,00000,00000,0,A,Berry town,Alabama,1148,1148,1148,1135,1127,1119,1118,1113
162,01,000,05980,00000,00000,0,A,Bessemer city,Alabama,27456,27463,27430,27354,27207,27032,26918,26730
162,01,000,06460,00000,00000,0,A,Billingsley town,Alabama,144,144,144,145,144,142,142,141
162,01,000,07000,00000,00000,0,A,Birmingham city,Alabama,212237,212204,212026,211915,211217,211841,212082,212461
162,01,000,07120,00000,00000,0,A,Black town,Alabama,207,207,207,207,209,207,207,208
162,01,000,07456,00000,00000,0,A,Blountsville town,Alabama,1684,1684,1686,1694,1695,1697,1696,1697
162,01,000,07672,00000,00000,0,A,Blue Springs town,Alabama,96,96,95,94,94,93,93,92
162,01,000,07912,00000,00000,0,A,Boaz city,Alabama,9551,9468,9484,9552,9620,9646,9669,9688
162,01,000,08104,00000,00000,0,A,Boligee town,Alabama,328,328,327,324,321,317,311,309
162,01,000,08248,00000,00000,0,A,Bon Air town,Alabama,116,116,116,115,115,115,114,114
162,01,000,09016,00000,00000,0,A,Brantley town,Alabama,809,808,805,807,808,806,806,805
162,01,000,09136,00000,00000,0,A,Brent city,Alabama,4947,4947,4939,4922,4906,4886,4894,4898
162,01,000,09208,00000,00000,0,A,Brewton city,Alabama,5408,5401,5399,5444,5425,5408,5396,5434
162,01,000,09328,00000,00000,0,A,Bridgeport city,Alabama,2418,2417,2413,2413,2397,2388,2370,2355
162,01,000,09400,00000,00000,0,A,Brighton city,Alabama,2945,2945,2943,2929,2912,2895,2883,2862
162,01,000,09424,00000,00000,0,A,Brilliant town,Alabama,900,900,901,899,893,887,886,884
162,01,000,09736,00000,00000,0,A,Brookside town,Alabama,1363,1363,1362,1354,1351,1344,1339,1329
162,01,000,09808,00000,00000,0,A,Brookwood town,Alabama,1828,1828,1828,1836,1837,1839,1833,1822
162,01,000,10240,00000,00000,0,A,Brundidge city,Alabama,2076,2076,2077,2068,2075,2027,2000,1989
162,01,000,11032,00000,00000,0,A,Butler town,Alabama,1894,1890,1888,1857,1849,1828,1815,1798
162,01,000,11416,00000,00000,0,A,Calera city,Alabama,11620,11606,11729,12114,12436,12719,12944,13213
162,01,000,11512,00000,00000,0,A,Camden city,Alabama,2020,2020,2002,1997,1973,1948,1925,1930
162,01,000,11680,00000,00000,0,A,Camp Hill town,Alabama,1014,1014,1011,1007,998,994,991,981
162,01,000,12016,00000,00000,0,A,Carbon Hill city,Alabama,2021,2025,2025,2015,2000,1993,1982,1975
162,01,000,12040,00000,00000,0,A,Cardiff town,Alabama,55,55,55,55,55,54,54,54
162,01,000,12160,00000,00000,0,A,Carolina town,Alabama,297,297,297,300,298,298,299,299
162,01,000,12304,00000,00000,0,A,Carrollton town,Alabama,1019,1019,1018,1003,1004,997,988,988
162,01,000,12496,00000,00000,0,A,Castleberry town,Alabama,583,592,591,588,583,577,566,565
162,01,000,12760,00000,00000,0,A,Cedar Bluff town,Alabama,1820,1825,1823,1827,1819,1822,1813,1802
162,01,000,13264,00000,00000,0,A,Center Point city,Alabama,16921,16924,16928,16920,16905,16821,16767,16655
162,01,000,13648,00000,00000,0,A,Centre city,Alabama,3489,3489,3490,3511,3576,3594,3589,3570
162,01,000,13672,00000,00000,0,A,Centreville city,Alabama,2778,2778,2769,2750,2732,2710,2709,2704
162,01,000,14008,00000,00000,0,A,Chatom town,Alabama,1288,1288,1290,1271,1255,1240,1239,1237
162,01,000,14104,00000,00000,0,A,Chelsea city,Alabama,10183,10523,10581,10720,10959,11370,11770,12059
162,01,000,14152,00000,00000,0,A,Cherokee town,Alabama,1048,1048,1049,1043,1038,1031,1023,1014
162,01,000,14392,00000,00000,0,A,Chickasaw city,Alabama,6106,6106,6090,6059,6026,5998,5975,5954
162,01,000,14464,00000,00000,0,A,Childersburg city,Alabama,5175,5182,5165,5148,5130,5096,5080,5046
162,01,000,15064,00000,00000,0,A,Citronelle city,Alabama,3905,3908,3902,3900,3886,3878,3881,3887
162,01,000,15136,00000,00000,0,A,Clanton city,Alabama,8619,8619,8628,8661,8658,8687,8725,8844
162,01,000,15256,00000,00000,0,A,Clay city,Alabama,9708,9689,9682,9703,9673,9695,9694,9655
162,01,000,15304,00000,00000,0,A,Clayhatchee town,Alabama,589,589,590,584,586,580,576,577
162,01,000,15376,00000,00000,0,A,Clayton town,Alabama,3008,3005,2999,2974,2959,2947,2944,2925
162,01,000,15472,00000,00000,0,A,Cleveland town,Alabama,1303,1303,1304,1313,1315,1315,1314,1315
162,01,000,15640,00000,00000,0,A,Clio city,Alabama,1399,1399,1393,1559,1565,1553,1547,1529
162,01,000,16000,00000,00000,0,A,Coaling town,Alabama,1657,1660,1660,1667,1671,1670,1662,1648
162,01,000,16240,00000,00000,0,A,Coffee Springs town,Alabama,228,228,228,229,230,228,228,229
162,01,000,16264,00000,00000,0,A,Coffeeville town,Alabama,352,352,351,349,343,344,340,338
162,01,000,16312,00000,00000,0,A,Coker town,Alabama,979,976,976,981,984,986,984,978
162,01,000,16600,00000,00000,0,A,Collinsville town,Alabama,1983,1983,1984,1989,1976,1973,1975,1973
162,01,000,16684,00000,00000,0,A,Colony town,Alabama,268,268,268,268,268,269,270,273
162,01,000,16744,00000,00000,0,A,Columbia town,Alabama,740,740,741,743,747,742,741,737
162,01,000,16768,00000,00000,0,A,Columbiana city,Alabama,4197,4158,4165,4179,4196,4191,4159,4168
162,01,000,17176,00000,00000,0,A,Coosada town,Alabama,1224,1224,1228,1229,1228,1234,1231,1240
162,01,000,17368,00000,00000,0,A,Cordova city,Alabama,2095,2095,2093,2079,2061,2051,2038,2028
162,01,000,17824,00000,00000,0,A,Cottonwood town,Alabama,1289,1289,1291,1290,1293,1280,1274,1264
162,01,000,17968,00000,00000,0,A,County Line town,Alabama,258,258,258,260,260,261,261,261
162,01,000,18040,00000,00000,0,A,Courtland town,Alabama,609,617,616,612,608,605,603,597
162,01,000,18088,00000,00000,0,A,Cowarts town,Alabama,1871,1894,1896,1899,1928,1937,1951,1988
162,01,000,18304,00000,00000,0,A,Creola city,Alabama,1926,1926,1923,1921,1922,1929,1940,1955
162,01,000,18856,00000,00000,0,A,Crossville town,Alabama,1862,1862,1863,1865,1850,1845,1845,1848
162,01,000,18952,00000,00000,0,A,Cuba town,Alabama,346,346,345,337,333,331,326,321
162,01,000,18976,00000,00000,0,A,Cullman city,Alabama,14775,14802,14818,14819,14872,14980,15134,15350
162,01,000,19216,00000,00000,0,A,Cusseta town,Alabama,123,123,123,123,123,124,123,124
162,01,000,19336,00000,00000,0,A,Dadeville city,Alabama,3230,3229,3219,3210,3193,3183,3180,3150
162,01,000,19360,00000,00000,0,A,Daleville city,Alabama,5295,5295,5302,5240,5255,5185,5144,5141
162,01,000,19648,00000,00000,0,A,Daphne city,Alabama,21570,21581,21812,22286,22825,23494,24344,24896
162,01,000,19744,00000,00000,0,A,Dauphin Island town,Alabama,1238,1238,1235,1235,1235,1236,1241,1251
162,01,000,19816,00000,00000,0,A,Daviston town,Alabama,214,214,213,213,212,212,212,210
162,01,000,19912,00000,00000,0,A,Dayton town,Alabama,52,52,52,51,51,50,50,50
162,01,000,20008,00000,00000,0,A,Deatsville town,Alabama,1154,1154,1156,1161,1163,1164,1159,1157
162,01,000,20104,00000,00000,0,A,Decatur city,Alabama,55683,55704,55752,55868,55901,55633,55563,55437
162,01,000,20296,00000,00000,0,A,Demopolis city,Alabama,7483,7483,7452,7407,7313,7223,7191,7148
162,01,000,20392,00000,00000,0,A,Detroit town,Alabama,237,237,236,233,232,231,229,227
162,01,000,20955,00000,00000,0,A,Dodge City town,Alabama,593,593,593,594,592,595,598,603
162,01,000,21136,00000,00000,0,A,Dora city,Alabama,2025,2025,2025,2017,1998,1987,1972,1960
162,01,000,21184,00000,00000,0,A,Dothan city,Alabama,65496,65916,66103,66661,67359,67841,68354,68567
162,01,000,21280,00000,00000,0,A,Double Springs town,Alabama,1083,1084,1081,1078,1071,1069,1066,1056
162,01,000,21328,00000,00000,0,A,Douglas town,Alabama,744,744,745,751,754,755,755,758
162,01,000,21448,00000,00000,0,A,Dozier town,Alabama,329,329,328,329,331,331,331,332
162,01,000,21952,00000,00000,0,A,Dutton town,Alabama,315,315,315,316,314,314,312,310
162,01,000,22216,00000,00000,0,A,East Brewton city,Alabama,2478,2478,2478,2464,2449,2439,2425,2419
162,01,000,22816,00000,00000,0,A,Eclectic town,Alabama,1001,1001,1003,1007,1009,1010,1016,1029
162,01,000,23176,00000,00000,0,A,Edwardsville town,Alabama,202,202,202,202,202,203,204,204
162,01,000,23296,00000,00000,0,A,Elba city,Alabama,3940,3939,3950,3933,3948,3899,3887,3903
162,01,000,23320,00000,00000,0,A,Elberta town,Alabama,1498,1515,1521,1546,1573,1602,1631,1652
162,01,000,23344,00000,00000,0,A,Eldridge town,Alabama,130,130,130,130,129,129,128,128
162,01,000,23488,00000,00000,0,A,Elkmont town,Alabama,434,426,428,438,447,454,462,466
162,01,000,23656,00000,00000,0,A,Elmore town,Alabama,1262,1276,1278,1281,1283,1284,1275,1271
162,01,000,23872,00000,00000,0,A,Emelle town,Alabama,53,53,53,52,51,51,51,50
162,01,000,24184,00000,00000,0,A,Enterprise city,Alabama,26562,26613,26773,27151,27751,27613,27730,27978
162,01,000,24256,00000,00000,0,A,Epes town,Alabama,192,193,192,188,187,186,184,183
162,01,000,24472,00000,00000,0,A,Ethelsville town,Alabama,81,76,76,75,75,74,73,73
162,01,000,24568,00000,00000,0,A,Eufaula city,Alabama,13137,13134,13073,12919,12929,12832,12769,12596
162,01,000,24664,00000,00000,0,A,Eutaw town,Alabama,2934,2934,2919,2893,2870,2833,2788,2766
162,01,000,24688,00000,00000,0,A,Eva town,Alabama,519,515,515,516,516,513,513,511
162,01,000,24808,00000,00000,0,A,Evergreen city,Alabama,3944,3947,3941,3914,3873,3835,3771,3774
162,01,000,24880,00000,00000,0,A,Excel town,Alabama,723,723,720,713,705,690,680,672
162,01,000,25120,00000,00000,0,A,Fairfield city,Alabama,11117,11113,11101,11057,10992,11015,10978,10907
162,01,000,25240,00000,00000,0,A,Fairhope city,Alabama,15326,15338,15432,15937,16465,17310,18051,18730
162,01,000,25384,00000,00000,0,A,Fairview town,Alabama,446,448,448,448,448,450,452,456
162,01,000,25648,00000,00000,0,A,Falkville town,Alabama,1279,1279,1280,1281,1279,1274,1270,1268
162,01,000,25816,00000,00000,0,A,Faunsdale town,Alabama,98,98,98,96,95,94,94,94
162,01,000,25840,00000,00000,0,A,Fayette city,Alabama,4619,4619,4615,4574,4548,4519,4516,4490
162,01,000,26200,00000,00000,0,A,Five Points town,Alabama,141,141,141,140,141,142,141,142
162,01,000,26824,00000,00000,0,A,Flomaton town,Alabama,1440,1440,1440,1437,1427,1423,1416,1411
162,01,000,26848,00000,00000,0,A,Florala town,Alabama,1980,1980,1982,1992,1979,1978,1979,1973
162,01,000,26896,00000,00000,0,A,Florence city,Alabama,39319,39339,39364,39416,39657,39936,40218,40026
162,01,000,26992,00000,00000,0,A,Foley city,Alabama,14618,15183,15259,15547,15865,16296,16750,17218
162,01,000,27376,00000,00000,0,A,Forkland town,Alabama,649,645,642,634,630,619,606,601
162,01,000,27520,00000,00000,0,A,Fort Deposit town,Alabama,1344,1347,1345,1325,1292,1276,1253,1240
162,01,000,27616,00000,00000,0,A,Fort Payne city,Alabama,14012,14113,14119,14178,14090,14070,14115,14150
162,01,000,28024,00000,00000,0,A,Franklin town,Alabama,149,149,150,147,142,137,134,132
162,01,000,28312,00000,00000,0,A,Frisco City town,Alabama,1309,1309,1304,1290,1279,1252,1236,1223
162,01,000,28432,00000,00000,0,A,Fruithurst town,Alabama,284,280,280,280,280,282,283,282
162,01,000,28504,00000,00000,0,A,Fulton town,Alabama,272,272,271,270,265,265,263,261
162,01,000,28552,00000,00000,0,A,Fultondale city,Alabama,8380,8380,8380,8435,8541,8745,8903,9048
162,01,000,28672,00000,00000,0,A,Fyffe town,Alabama,1018,1018,1019,1025,1021,1023,1024,1023
162,01,000,28696,00000,00000,0,A,Gadsden city,Alabama,36856,36891,36880,36747,36665,36473,36281,36084
162,01,000,28768,00000,00000,0,A,Gainesville town,Alabama,208,208,207,203,201,201,199,197
162,01,000,28936,00000,00000,0,A,Gantt town,Alabama,222,222,222,224,223,223,223,223
162,01,000,29032,00000,00000,0,A,Garden City town,Alabama,492,492,492,493,490,490,490,496
162,01,000,29056,00000,00000,0,A,Gardendale city,Alabama,13893,13890,13893,13854,13793,13739,13730,13711
162,01,000,29296,00000,00000,0,A,Gaylesville town,Alabama,144,144,144,145,144,145,144,144
162,01,000,29392,00000,00000,0,A,Geiger town,Alabama,170,170,170,166,164,164,162,161
162,01,000,29464,00000,00000,0,A,Geneva city,Alabama,4452,4457,4458,4469,4505,4461,4453,4460
162,01,000,29560,00000,00000,0,A,Georgiana town,Alabama,1738,1738,1736,1714,1691,1677,1678,1667
162,01,000,29608,00000,00000,0,A,Geraldine town,Alabama,896,899,900,903,898,898,900,902
162,01,000,29704,00000,00000,0,A,Gilbertown town,Alabama,215,215,215,211,211,208,207,205
162,01,000,29944,00000,00000,0,A,Glen Allen town,Alabama,510,510,510,506,502,500,500,498
162,01,000,29992,00000,00000,0,A,Glencoe city,Alabama,5160,5160,5166,5177,5198,5186,5170,5153
162,01,000,30160,00000,00000,0,A,Glenwood town,Alabama,187,187,186,187,188,188,188,189
162,01,000,30448,00000,00000,0,A,Goldville town,Alabama,55,55,55,55,55,55,54,54
162,01,000,30496,00000,00000,0,A,Good Hope town,Alabama,2264,2264,2266,2264,2255,2261,2267,2281
162,01,000,30640,00000,00000,0,A,Goodwater town,Alabama,1475,1475,1475,1422,1400,1381,1357,1343
162,01,000,30736,00000,00000,0,A,Gordo town,Alabama,1750,1750,1747,1717,1716,1702,1687,1687
162,01,000,30760,00000,00000,0,A,Gordon town,Alabama,332,330,330,329,331,327,328,327
162,01,000,30808,00000,00000,0,A,Gordonville town,Alabama,326,326,325,322,315,312,307,305
162,01,000,30880,00000,00000,0,A,Goshen town,Alabama,266,266,266,266,268,260,258,257
162,01,000,31096,00000,00000,0,A,Grant town,Alabama,896,896,897,903,903,902,900,903
162,01,000,31384,00000,00000,0,A,Graysville city,Alabama,2165,2158,2156,2149,2135,2121,2113,2096
162,01,000,31720,00000,00000,0,A,Greensboro city,Alabama,2497,2494,2489,2435,2439,2426,2402,2387
162,01,000,31912,00000,00000,0,A,Greenville city,Alabama,8135,8135,8135,8032,7939,7891,7895,7845
162,01,000,32056,00000,00000,0,A,Grimes town,Alabama,558,558,559,553,556,549,546,546
162,01,000,32080,00000,00000,0,A,Grove Hill town,Alabama,1570,1569,1563,1550,1524,1520,1504,1494
162,01,000,32224,00000,00000,0,A,Guin city,Alabama,2376,2376,2378,2368,2355,2334,2331,2322
162,01,000,32272,00000,00000,0,A,Gulf Shores city,Alabama,9741,10106,10144,10300,10481,10705,10933,11131
162,01,000,32416,00000,00000,0,A,Guntersville city,Alabama,8197,8197,8208,8271,8300,8319,8334,8385
162,01,000,32440,00000,00000,0,A,Gurley town,Alabama,801,801,801,798,795,796,791,788
162,01,000,32536,00000,00000,0,A,Gu-Win town,Alabama,176,176,176,176,175,173,173,173
162,01,000,32560,00000,00000,0,A,Hackleburg town,Alabama,1516,1516,1517,1513,1503,1490,1489,1486
162,01,000,32656,00000,00000,0,A,Haleburg town,Alabama,103,103,103,103,102,101,101,101
162,01,000,32704,00000,00000,0,A,Haleyville city,Alabama,4173,4183,4168,4155,4127,4127,4119,4088
162,01,000,32848,00000,00000,0,A,Hamilton city,Alabama,6885,6885,6889,6878,6831,6788,6785,6772
162,01,000,32896,00000,00000,0,A,Hammondville town,Alabama,488,488,488,488,483,481,486,487
162,01,000,32968,00000,00000,0,A,Hanceville city,Alabama,2982,3109,3119,3137,3153,3188,3224,3281
162,01,000,33256,00000,00000,0,A,Harpersville town,Alabama,1637,1651,1656,1659,1669,1676,1679,1681
162,01,000,33424,00000,00000,0,A,Hartford city,Alabama,2624,2624,2627,2636,2654,2635,2635,2647
162,01,000,33448,00000,00000,0,A,Hartselle city,Alabama,14255,14247,14261,14412,14451,14419,14464,14493
162,01,000,33640,00000,00000,0,A,Hayden town,Alabama,444,1333,1334,1340,1343,1341,1340,1341
162,01,000,33712,00000,00000,0,A,Hayneville town,Alabama,932,933,932,919,897,886,872,862
162,01,000,33856,00000,00000,0,A,Headland city,Alabama,4510,4516,4530,4629,4651,4677,4696,4736
162,01,000,33904,00000,00000,0,A,Heath town,Alabama,254,256,256,258,257,257,258,257
162,01,000,33976,00000,00000,0,A,Heflin city,Alabama,3480,3485,3487,3498,3483,3506,3513,3499
162,01,000,34024,00000,00000,0,A,Helena city,Alabama,16793,16958,17014,17126,17277,17495,17854,18264
162,01,000,34096,00000,00000,0,A,Henagar city,Alabama,2344,2344,2345,2353,2339,2337,2343,2346
162,01,000,34480,00000,00000,0,A,Highland Lake town,Alabama,412,412,414,418,419,422,422,424
162,01,000,34816,00000,00000,0,A,Hillsboro town,Alabama,552,547,547,541,534,530,526,519
162,01,000,35152,00000,00000,0,A,Hobson City town,Alabama,771,771,770,763,761,762,765,768
162,01,000,35200,00000,00000,0,A,Hodges town,Alabama,288,286,286,286,285,284,284,285
162,01,000,35392,00000,00000,0,A,Hokes Bluff city,Alabama,4286,4284,4288,4299,4335,4327,4322,4301
162,01,000,35560,00000,00000,0,A,Holly Pond town,Alabama,798,798,799,799,797,801,805,812
162,01,000,35632,00000,00000,0,A,Hollywood town,Alabama,1000,1000,999,999,993,989,981,974
162,01,000,35800,00000,00000,0,A,Homewood city,Alabama,25167,25165,25149,25066,25279,25829,25831,25708
162,01,000,35896,00000,00000,0,A,Hoover city,Alabama,81619,81030,81182,81751,83093,83750,84269,84848
162,01,000,36088,00000,00000,0,A,Horn Hill town,Alabama,228,228,228,230,229,229,229,229
162,01,000,36448,00000,00000,0,A,Hueytown city,Alabama,16105,16117,16107,16042,15957,15873,15818,15710
162,01,000,37000,00000,00000,0,A,Huntsville city,Alabama,180105,180270,180869,182205,183715,186155,188205,190582
162,01,000,37096,00000,00000,0,A,Hurtsboro town,Alabama,553,550,550,550,581,597,599,600
162,01,000,37264,00000,00000,0,A,Hytop town,Alabama,354,354,354,355,353,352,350,349
162,01,000,37312,00000,00000,0,A,Ider town,Alabama,723,723,723,724,718,716,715,716
162,01,000,37465,00000,00000,0,A,Indian Springs Village city,Alabama,2363,2424,2433,2445,2471,2494,2506,2523
162,01,000,37864,00000,00000,0,A,Irondale city,Alabama,12349,12354,12343,12350,12378,12378,12437,12423
162,01,000,38152,00000,00000,0,A,Jackson city,Alabama,5228,5224,5211,5168,5080,5068,5005,4967
162,01,000,38248,00000,00000,0,A,Jacksons' Gap town,Alabama,828,823,821,818,812,809,807,802
162,01,000,38272,00000,00000,0,A,Jacksonville city,Alabama,12548,12578,12587,12499,12530,12330,12268,12222
162,01,000,38416,00000,00000,0,A,Jasper city,Alabama,14352,14386,14385,14328,14241,14199,14129,14071
162,01,000,38608,00000,00000,0,A,Jemison city,Alabama,2585,2615,2617,2622,2620,2628,2630,2619
162,01,000,39280,00000,00000,0,A,Kansas town,Alabama,226,226,226,225,224,223,222,221
162,01,000,39472,00000,00000,0,A,Kellyton town,Alabama,217,217,217,210,207,205,201,200
162,01,000,39520,00000,00000,0,A,Kennedy town,Alabama,447,447,445,439,438,437,433,428
162,01,000,39784,00000,00000,0,A,Killen town,Alabama,1108,993,996,994,991,987,987,982
162,01,000,39856,00000,00000,0,A,Kimberly city,Alabama,2711,2693,2707,2722,2758,2780,2833,2892
162,01,000,40072,00000,00000,0,A,Kinsey town,Alabama,2198,2198,2203,2204,2221,2200,2205,2197
162,01,000,40096,00000,00000,0,A,Kinston town,Alabama,540,540,542,540,543,537,537,540
162,01,000,40672,00000,00000,0,A,La Fayette city,Alabama,3003,3003,2995,2984,2989,2992,2982,2990
162,01,000,40888,00000,00000,0,A,Lakeview town,Alabama,143,143,143,144,143,143,143,143
162,01,000,40928,00000,00000,0,A,Lake View town,Alabama,1943,1943,1955,1998,2034,2064,2065,2114
162,01,000,41296,00000,00000,0,A,Lanett city,Alabama,6468,6468,6455,6433,6448,6462,6443,6452
162,01,000,41368,00000,00000,0,A,Langston town,Alabama,270,270,270,271,269,269,267,266
162,01,000,41968,00000,00000,0,A,Leeds city,Alabama,11773,11772,11796,11814,11848,11896,11931,11936
162,01,000,42016,00000,00000,0,A,Leesburg town,Alabama,1027,1024,1024,1028,1021,1023,1019,1014
162,01,000,42160,00000,00000,0,A,Leighton town,Alabama,729,729,729,727,725,721,717,712
162,01,000,42352,00000,00000,0,A,Lester town,Alabama,111,111,111,114,117,118,120,121
162,01,000,42472,00000,00000,0,A,Level Plains town,Alabama,2085,2076,2081,2064,2077,2046,2025,2023
162,01,000,42640,00000,00000,0,A,Lexington town,Alabama,735,735,735,733,730,727,728,723
162,01,000,42808,00000,00000,0,A,Libertyville town,Alabama,117,115,115,116,115,115,116,116
162,01,000,43120,00000,00000,0,A,Lincoln city,Alabama,6266,6260,6256,6276,6331,6365,6456,6524
162,01,000,43240,00000,00000,0,A,Linden city,Alabama,2123,2123,2113,2087,2062,2041,2036,2025
162,01,000,43264,00000,00000,0,A,Lineville city,Alabama,2395,2395,2385,2347,2310,2310,2318,2319
162,01,000,43336,00000,00000,0,A,Lipscomb city,Alabama,2210,2210,2206,2196,2185,2177,2173,2155
162,01,000,43384,00000,00000,0,A,Lisman town,Alabama,539,539,538,528,524,516,511,505
162,01,000,43648,00000,00000,0,A,Littleville town,Alabama,1011,1011,1012,1006,1005,1002,995,990
162,01,000,43720,00000,00000,0,A,Livingston city,Alabama,3485,3458,3453,3476,3518,3494,3446,3414
162,01,000,43744,00000,00000,0,A,Loachapoka town,Alabama,180,180,180,182,185,187,189,190
162,01,000,43816,00000,00000,0,A,Lockhart town,Alabama,516,516,516,521,517,518,519,519
162,01,000,43888,00000,00000,0,A,Locust Fork town,Alabama,1186,1186,1187,1192,1194,1192,1191,1192
162,01,000,44344,00000,00000,0,A,Louisville town,Alabama,519,519,517,509,504,499,495,487
162,01,000,44536,00000,00000,0,A,Lowndesboro town,Alabama,115,115,115,114,111,110,109,107
162,01,000,44608,00000,00000,0,A,Loxley town,Alabama,1632,1628,1635,1656,1675,1697,1722,1785
162,01,000,44728,00000,00000,0,A,Luverne city,Alabama,2800,2798,2788,2797,2819,2820,2830,2834
162,01,000,44800,00000,00000,0,A,Lynn town,Alabama,659,658,656,653,650,648,647,641
162,01,000,45472,00000,00000,0,A,McIntosh town,Alabama,238,236,236,233,230,227,227,226
162,01,000,45496,00000,00000,0,A,McKenzie town,Alabama,530,530,530,524,517,515,515,513
162,01,000,45640,00000,00000,0,A,McMullen town,Alabama,10,10,10,10,10,10,10,10
162,01,000,45784,00000,00000,0,A,Madison city,Alabama,42938,42939,43307,44017,44907,45670,46409,46962
162,01,000,45904,00000,00000,0,A,Madrid town,Alabama,350,350,350,349,349,345,342,338
162,01,000,46072,00000,00000,0,A,Magnolia Springs town,Alabama,723,723,725,737,751,766,781,791
162,01,000,46264,00000,00000,0,A,Malvern town,Alabama,1448,1448,1448,1449,1459,1445,1441,1446
162,01,000,46504,00000,00000,0,A,Maplesville town,Alabama,708,708,709,708,705,705,705,704
162,01,000,46696,00000,00000,0,A,Margaret town,Alabama,4428,4420,4426,4438,4461,4511,4500,4554
162,01,000,46768,00000,00000,0,A,Marion city,Alabama,3686,3685,3672,3681,3594,3534,3508,3447
162,01,000,47728,00000,00000,0,A,Maytown town,Alabama,385,385,385,382,380,377,376,374
162,01,000,48052,00000,00000,0,A,Memphis town,Alabama,29,29,29,28,28,28,28,28
162,01,000,48064,00000,00000,0,A,Mentone town,Alabama,360,361,361,364,363,363,365,368
162,01,000,48376,00000,00000,0,A,Midfield city,Alabama,5365,5363,5357,5336,5307,5279,5259,5222
162,01,000,48400,00000,00000,0,A,Midland City town,Alabama,2344,2161,2200,2380,2395,2374,2367,2386
162,01,000,48424,00000,00000,0,A,Midway town,Alabama,499,499,498,485,480,485,495,488
162,01,000,48712,00000,00000,0,A,Millbrook city,Alabama,14640,14637,14670,14817,14912,15075,15179,15314
162,01,000,48808,00000,00000,0,A,Millport town,Alabama,1049,1049,1044,1030,1028,1023,1011,998
162,01,000,48832,00000,00000,0,A,Millry town,Alabama,546,546,547,539,533,525,525,524
162,01,000,50000,00000,00000,0,A,Mobile city,Alabama,195111,195243,195222,194762,194848,194794,194624,194288
162,01,000,50192,00000,00000,0,A,Monroeville city,Alabama,6519,6501,6476,6420,6364,6246,6176,6110
162,01,000,50312,00000,00000,0,A,Montevallo city,Alabama,6323,6299,6320,6395,6516,6565,6615,6648
162,01,000,51000,00000,00000,0,A,Montgomery city,Alabama,205764,205590,205902,207441,204534,201645,200717,200602
162,01,000,51096,00000,00000,0,A,Moody city,Alabama,11726,11727,11774,11933,12140,12361,12439,12593
162,01,000,51264,00000,00000,0,A,Mooresville town,Alabama,53,53,53,55,56,56,58,58
162,01,000,51456,00000,00000,0,A,Morris town,Alabama,1859,1859,1858,1870,1880,1892,1910,1934
162,01,000,51520,00000,00000,0,A,Mosses town,Alabama,1029,1029,1027,1014,989,977,963,955
162,01,000,51600,00000,00000,0,A,Moulton city,Alabama,3471,3469,3466,3439,3410,3387,3370,3337
162,01,000,51648,00000,00000,0,A,Moundville town,Alabama,2427,2427,2434,2425,2443,2464,2458,2460
162,01,000,51696,00000,00000,0,A,Mountain Brook city,Alabama,20413,20484,20466,20427,20369,20332,20721,20691
162,01,000,52608,00000,00000,0,A,Mount Vernon town,Alabama,1574,1575,1571,1568,1565,1520,1520,1518
162,01,000,52776,00000,00000,0,A,Mulga town,Alabama,836,836,835,831,826,821,822,819
162,01,000,52848,00000,00000,0,A,Munford town,Alabama,1292,1292,1288,1280,1276,1269,1265,1259
162,01,000,53016,00000,00000,0,A,Muscle Shoals city,Alabama,13146,13156,13199,13288,13376,13468,13596,13706
162,01,000,53112,00000,00000,0,A,Myrtlewood town,Alabama,130,130,130,128,126,125,125,124
162,01,000,53256,00000,00000,0,A,Napier Field town,Alabama,354,354,354,351,352,348,346,347
162,01,000,53376,00000,00000,0,A,Natural Bridge town,Alabama,37,37,37,37,37,37,37,36
162,01,000,53400,00000,00000,0,A,Nauvoo town,Alabama,221,217,217,216,215,214,213,213
162,01,000,53448,00000,00000,0,A,Nectar town,Alabama,345,342,342,345,345,345,345,345
162,01,000,53472,00000,00000,0,A,Needham town,Alabama,94,95,95,93,93,92,92,91
162,01,000,53784,00000,00000,0,A,Newbern town,Alabama,186,186,186,181,182,182,180,179
162,01,000,53856,00000,00000,0,A,New Brockton town,Alabama,1146,1144,1147,1144,1159,1146,1147,1159
162,01,000,54168,00000,00000,0,A,New Hope city,Alabama,2810,2810,2811,2803,2798,2803,2811,2800
162,01,000,54432,00000,00000,0,A,New Site town,Alabama,773,773,771,771,764,762,759,755
162,01,000,54480,00000,00000,0,A,Newton town,Alabama,1511,1511,1513,1501,1505,1485,1473,1472
162,01,000,54600,00000,00000,0,A,Newville town,Alabama,539,539,538,538,528,524,521,520
162,01,000,55044,00000,00000,0,A,North Courtland town,Alabama,632,632,631,627,623,620,617,612
162,01,000,55152,00000,00000,0,A,North Johns town,Alabama,145,145,145,145,144,144,143,142
162,01,000,55200,00000,00000,0,A,Northport city,Alabama,23330,23360,23451,23740,24078,24437,24688,24772
162,01,000,55440,00000,00000,0,A,Notasulga town,Alabama,965,965,970,952,921,887,870,856
162,01,000,55752,00000,00000,0,A,Oak Grove town,Alabama,528,529,527,525,524,522,522,517
162,01,000,55848,00000,00000,0,A,Oak Hill town,Alabama,26,26,26,26,26,25,25,25
162,01,000,55992,00000,00000,0,A,Oakman town,Alabama,789,786,786,781,774,770,765,760
162,01,000,56400,00000,00000,0,A,Odenville town,Alabama,3585,3592,3599,3615,3638,3677,3681,3695
162,01,000,56472,00000,00000,0,A,Ohatchee town,Alabama,1170,1156,1156,1158,1158,1153,1145,1146
162,01,000,57000,00000,00000,0,A,Oneonta city,Alabama,6567,6563,6571,6636,6639,6632,6621,6615
162,01,000,57024,00000,00000,0,A,Onycha town,Alabama,184,184,184,186,184,185,185,185
162,01,000,57048,00000,00000,0,A,Opelika city,Alabama,26477,26425,26472,27438,27991,28656,29129,29527
162,01,000,57120,00000,00000,0,A,Opp city,Alabama,6659,6658,6662,6705,6667,6669,6672,6658
162,01,000,57144,00000,00000,0,A,Orange Beach city,Alabama,5441,5441,5458,5534,5611,5695,5776,5850
162,01,000,57240,00000,00000,0,A,Orrville town,Alabama,204,203,203,200,197,194,192,190
162,01,000,57504,00000,00000,0,A,Owens Cross Roads town,Alabama,1521,1522,1552,1676,1706,1728,1765,1785
162,01,000,57576,00000,00000,0,A,Oxford city,Alabama,21348,21329,21325,21306,21267,21216,21175,21249
162,01,000,57648,00000,00000,0,A,Ozark city,Alabama,14907,14899,14922,14817,14876,14806,14705,14719
162,01,000,57696,00000,00000,0,A,Paint Rock town,Alabama,210,210,210,210,210,209,208,207
162,01,000,58272,00000,00000,0,A,Parrish town,Alabama,982,990,990,984,978,973,967,963
162,01,000,58848,00000,00000,0,A,Pelham city,Alabama,21352,21450,21549,21747,22056,22343,22654,22885
162,01,000,58896,00000,00000,0,A,Pell City city,Alabama,12695,12684,12742,12872,13134,13324,13554,13646
162,01,000,58968,00000,00000,0,A,Pennington town,Alabama,221,220,220,216,215,213,212,210
162,01,000,59088,00000,00000,0,A,Perdido Beach town,Alabama,581,581,583,593,602,613,623,631
162,01,000,59328,00000,00000,0,A,Petrey town,Alabama,58,58,58,58,58,58,59,59
162,01,000,59472,00000,00000,0,A,Phenix City city,Alabama,32822,32873,33184,34511,36203,37347,37592,37570
162,01,000,59496,00000,00000,0,A,Phil Campbell town,Alabama,1148,1148,1149,1147,1193,1186,1233,1235
162,01,000,59592,00000,00000,0,A,Pickensville town,Alabama,608,604,603,591,591,586,580,581
162,01,000,59640,00000,00000,0,A,Piedmont city,Alabama,4878,4878,4869,4832,4798,4767,4739,4714
162,01,000,59760,00000,00000,0,A,Pike Road town,Alabama,5406,5429,5460,5583,6567,7496,7934,8274
162,01,000,59832,00000,00000,0,A,Pinckard town,Alabama,647,647,648,644,651,641,635,634
162,01,000,59880,00000,00000,0,A,Pine Apple town,Alabama,132,132,131,130,129,127,126,126
162,01,000,60240,00000,00000,0,A,Pine Hill town,Alabama,975,973,964,958,946,933,918,919
162,01,000,60372,00000,00000,0,A,Pine Ridge town,Alabama,282,282,282,283,282,282,282,283
162,01,000,60648,00000,00000,0,A,Pinson city,Alabama,7163,7462,7464,7457,7449,7443,7453,7438
162,01,000,60720,00000,00000,0,A,Pisgah town,Alabama,722,722,721,723,720,719,715,711
162,01,000,61008,00000,00000,0,A,Pleasant Grove city,Alabama,10110,10108,10098,10068,10337,10333,10317,10260
162,01,000,61038,00000,00000,0,A,Pleasant Groves town,Alabama,420,420,420,421,419,418,416,414
162,01,000,61536,00000,00000,0,A,Pollard town,Alabama,137,137,137,137,136,136,135,135
162,01,000,62075,00000,00000,0,A,Powell town,Alabama,955,955,955,959,954,954,956,957
162,01,000,62328,00000,00000,0,A,Prattville city,Alabama,33960,33986,34066,34624,34684,35008,35264,35420
162,01,000,62472,00000,00000,0,A,Priceville town,Alabama,2658,2657,2676,2753,2819,2940,3062,3179
162,01,000,62496,00000,00000,0,A,Prichard city,Alabama,22659,22671,22614,22528,22448,22430,22414,22351
162,01,000,62688,00000,00000,0,A,Providence town,Alabama,223,224,223,220,218,216,215,214
162,01,000,63216,00000,00000,0,A,Ragland town,Alabama,1639,1636,1639,1647,1656,1674,1674,1682
162,01,000,63288,00000,00000,0,A,Rainbow City city,Alabama,9602,9602,9613,9624,9650,9635,9598,9580
162,01,000,63336,00000,00000,0,A,Rainsville city,Alabama,4948,4948,4952,4987,4972,4989,5007,5031
162,01,000,63408,00000,00000,0,A,Ranburne town,Alabama,409,406,406,406,405,409,411,409
162,01,000,63576,00000,00000,0,A,Red Bay city,Alabama,3158,3158,3161,3160,3141,3123,3125,3131
162,01,000,63768,00000,00000,0,A,Red Level town,Alabama,487,487,487,491,488,489,490,490
162,01,000,63984,00000,00000,0,A,Reece City town,Alabama,653,653,653,649,646,642,637,632
162,01,000,64104,00000,00000,0,A,Reform town,Alabama,1702,1700,1698,1670,1669,1654,1636,1632
162,01,000,64152,00000,00000,0,A,Rehobeth town,Alabama,1297,1292,1296,1319,1364,1403,1438,1449
162,01,000,64368,00000,00000,0,A,Repton town,Alabama,282,282,282,280,278,275,271,272
162,01,000,64656,00000,00000,0,A,Ridgeville town,Alabama,112,107,107,107,107,106,106,105
162,01,000,64776,00000,00000,0,A,River Falls town,Alabama,526,526,527,529,526,526,527,527
162,01,000,64920,00000,00000,0,A,Riverside town,Alabama,2208,2208,2215,2236,2254,2284,2295,2300
162,01,000,65016,00000,00000,0,A,Riverview town,Alabama,184,184,184,183,182,182,182,182
162,01,000,65040,00000,00000,0,A,Roanoke city,Alabama,6074,6074,6068,6049,6005,6000,5956,6005
162,01,000,65208,00000,00000,0,A,Robertsdale city,Alabama,5276,5276,5308,5439,5537,5653,5761,5894
162,01,000,65472,00000,00000,0,A,Rockford town,Alabama,477,477,477,466,461,454,451,449
162,01,000,66216,00000,00000,0,A,Rogersville town,Alabama,1257,1257,1257,1253,1249,1241,1240,1231
162,01,000,66408,00000,00000,0,A,Rosa town,Alabama,316,316,316,318,319,319,319,319
162,01,000,67056,00000,00000,0,A,Russellville city,Alabama,9830,9835,9845,9851,9817,9780,9804,9847
162,01,000,67176,00000,00000,0,A,Rutledge town,Alabama,467,465,463,464,464,462,460,459
162,01,000,67536,00000,00000,0,A,St. Florian town,Alabama,413,413,413,416,417,426,449,464
162,01,000,67800,00000,00000,0,A,Samson city,Alabama,1940,1940,1938,1938,1948,1926,1922,1928
162,01,000,67920,00000,00000,0,A,Sand Rock town,Alabama,560,560,560,563,560,562,561,558
162,01,000,68016,00000,00000,0,A,Sanford town,Alabama,241,246,246,248,247,247,247,247
162,01,000,68160,00000,00000,0,A,Saraland city,Alabama,13405,13632,13607,13597,13643,13686,13731,13906
162,01,000,68280,00000,00000,0,A,Sardis City town,Alabama,1704,1704,1709,1721,1740,1733,1740,1755
162,01,000,68352,00000,00000,0,A,Satsuma city,Alabama,6168,6168,6156,6144,6132,6141,6161,6182
162,01,000,68736,00000,00000,0,A,Scottsboro city,Alabama,14770,14778,14776,14817,14805,14782,14739,14722
162,01,000,69000,00000,00000,0,A,Section town,Alabama,770,770,769,771,768,766,762,759
162,01,000,69120,00000,00000,0,A,Selma city,Alabama,20756,20756,20743,20511,20263,19908,19791,19519
162,01,000,69240,00000,00000,0,A,Semmes city,Alabama,A,3447,3435,3408,3392,3564,3686,3886
162,01,000,69648,00000,00000,0,A,Sheffield city,Alabama,9039,9039,9043,8998,9032,9085,9135,9108
162,01,000,69840,00000,00000,0,A,Shiloh town,Alabama,274,274,274,275,274,274,274,275
162,01,000,70128,00000,00000,0,A,Shorter town,Alabama,474,472,474,471,462,445,436,429
162,01,000,70416,00000,00000,0,A,Silas town,Alabama,452,452,451,444,443,438,436,432
162,01,000,70536,00000,00000,0,A,Silverhill town,Alabama,706,706,708,718,728,736,752,761
162,01,000,70704,00000,00000,0,A,Sipsey town,Alabama,437,435,435,433,431,430,428,426
162,01,000,70896,00000,00000,0,A,Skyline town,Alabama,851,851,850,852,849,847,843,839
162,01,000,71040,00000,00000,0,A,Slocomb city,Alabama,1980,1980,1981,1987,1996,1976,1970,1972
162,01,000,71190,00000,00000,0,A,Smiths Station city,Alabama,4926,4912,4918,5003,5101,5184,5244,5300
162,01,000,71280,00000,00000,0,A,Snead town,Alabama,835,835,836,841,843,843,842,843
162,01,000,71496,00000,00000,0,A,Somerville town,Alabama,724,724,725,723,723,720,718,716
162,01,000,71832,00000,00000,0,A,Southside city,Alabama,8412,8412,8423,8445,8475,8518,8546,8572
162,01,000,71900,00000,00000,0,A,South Vinemont town,Alabama,749,749,750,748,744,748,753,757
162,01,000,71976,00000,00000,0,A,Spanish Fort city,Alabama,6798,6900,6938,7099,7318,7586,7790,8065
162,01,000,72600,00000,00000,0,A,Springville city,Alabama,4080,4072,4083,4109,4142,4190,4188,4198
162,01,000,72888,00000,00000,0,A,Steele town,Alabama,1043,1043,1045,1051,1058,1071,1073,1078
162,01,000,73080,00000,00000,0,A,Stevenson city,Alabama,2046,2046,2042,2041,2027,2017,2000,1991
162,01,000,73728,00000,00000,0,A,Sulligent city,Alabama,1927,1927,1918,1893,1889,1882,1865,1844
162,01,000,73848,00000,00000,0,A,Sumiton city,Alabama,2520,2515,2512,2478,2457,2444,2427,2418
162,01,000,73872,00000,00000,0,A,Summerdale town,Alabama,862,896,901,917,930,950,1003,1128
162,01,000,74160,00000,00000,0,A,Susan Moore town,Alabama,763,763,764,769,770,770,770,770
162,01,000,74304,00000,00000,0,A,Sweet Water town,Alabama,258,258,257,254,251,248,248,246
162,01,000,74352,00000,00000,0,A,Sylacauga city,Alabama,12749,12864,12828,12759,12836,12767,12733,12657
162,01,000,74400,00000,00000,0,A,Sylvania town,Alabama,1837,1859,1860,1865,1852,1849,1851,1854
162,01,000,74424,00000,00000,0,A,Sylvan Springs town,Alabama,1542,1542,1541,1537,1536,1535,1532,1524
162,01,000,74592,00000,00000,0,A,Talladega city,Alabama,15676,16082,16039,16095,16158,15815,15886,15709
162,01,000,74616,00000,00000,0,A,Talladega Springs town,Alabama,166,166,166,165,165,164,164,163
162,01,000,74688,00000,00000,0,A,Tallassee city,Alabama,4819,4818,4822,4831,4822,4825,4806,4778
162,01,000,74976,00000,00000,0,A,Tarrant city,Alabama,6397,6394,6385,6354,6317,6279,6254,6210
162,01,000,75096,00000,00000,0,A,Taylor town,Alabama,2375,2372,2378,2391,2411,2404,2413,2402
162,01,000,75936,00000,00000,0,A,Thomaston town,Alabama,417,417,415,410,405,401,400,398
162,01,000,75960,00000,00000,0,A,Thomasville city,Alabama,4209,4208,4195,4166,4097,4101,4073,4051
162,01,000,76080,00000,00000,0,A,Thorsby town,Alabama,1980,1999,2001,2011,2017,2028,2042,2044
162,01,000,76584,00000,00000,0,A,Town Creek town,Alabama,1100,1100,1099,1092,1084,1078,1075,1065
162,01,000,76632,00000,00000,0,A,Toxey town,Alabama,137,137,137,135,134,133,132,131
162,01,000,76680,00000,00000,0,A,Trafford town,Alabama,646,646,646,648,646,643,640,634
162,01,000,76824,00000,00000,0,A,Triana town,Alabama,496,512,512,512,513,516,522,525
162,01,000,76872,00000,00000,0,A,Trinity town,Alabama,2095,2091,2095,2113,2127,2130,2144,2157
162,01,000,76920,00000,00000,0,A,Troy city,Alabama,18033,18180,18227,18223,18354,19210,18842,18853
162,01,000,76944,00000,00000,0,A,Trussville city,Alabama,19933,19996,20024,20111,20125,20344,20688,21023
162,01,000,77256,00000,00000,0,A,Tuscaloosa city,Alabama,90468,90536,90740,91724,93112,94667,96531,98332
162,01,000,77280,00000,00000,0,A,Tuscumbia city,Alabama,8423,8576,8595,8582,8569,8554,8520,8474
162,01,000,77304,00000,00000,0,A,Tuskegee city,Alabama,9865,9816,9858,9787,9383,9176,8931,8817
162,01,000,77352,00000,00000,0,A,Twin town,Alabama,399,396,396,396,393,390,390,389
162,01,000,77616,00000,00000,0,A,Union town,Alabama,237,237,236,234,232,229,225,223
162,01,000,77784,00000,00000,0,A,Union Grove town,Alabama,77,77,77,78,78,78,78,79
162,01,000,77880,00000,00000,0,A,Union Springs city,Alabama,3980,3978,3966,3864,3905,3882,3976,3919
162,01,000,77904,00000,00000,0,A,Uniontown town,Alabama,1775,2697,2685,2667,2569,2518,2473,2415
162,01,000,78204,00000,00000,0,A,Valley city,Alabama,9524,9479,9459,9437,9453,9478,9446,9464
162,01,000,78232,00000,00000,0,A,Valley Grande city,Alabama,4020,4025,4029,3980,3956,3896,3873,3849
162,01,000,78240,00000,00000,0,A,Valley Head town,Alabama,558,557,557,560,554,552,552,550
162,01,000,78264,00000,00000,0,A,Vance town,Alabama,1529,1516,1524,1526,1526,1525,1522,1513
162,01,000,78480,00000,00000,0,A,Vernon city,Alabama,2000,2000,1991,1961,1953,1942,1921,1895
162,01,000,78552,00000,00000,0,A,Vestavia Hills city,Alabama,34033,34107,34089,34049,34025,33997,34154,34174
162,01,000,78984,00000,00000,0,A,Vina town,Alabama,358,358,358,359,357,356,356,357
162,01,000,79008,00000,00000,0,A,Vincent town,Alabama,1988,2078,2084,2090,2103,2111,2114,2120
162,01,000,79272,00000,00000,0,A,Vredenburgh town,Alabama,312,312,311,308,306,301,298,295
162,01,000,79344,00000,00000,0,A,Wadley town,Alabama,751,751,751,747,741,740,734,738
162,01,000,79488,00000,00000,0,A,Waldo town,Alabama,283,283,282,281,280,279,279,278
162,01,000,79728,00000,00000,0,A,Walnut Grove town,Alabama,698,696,696,694,694,691,688,685
162,01,000,79944,00000,00000,0,A,Warrior city,Alabama,3176,3176,3174,3185,3206,3198,3188,3199
162,01,000,80064,00000,00000,0,A,Waterloo town,Alabama,203,203,203,203,202,201,201,200
162,01,000,80256,00000,00000,0,A,Waverly town,Alabama,145,145,145,146,146,147,147,148
162,01,000,80352,00000,00000,0,A,Weaver city,Alabama,3038,3035,3043,3054,3073,3096,3083,3091
162,01,000,80376,00000,00000,0,A,Webb town,Alabama,1430,1428,1430,1431,1437,1424,1420,1413
162,01,000,80496,00000,00000,0,A,Wedowee town,Alabama,823,821,820,816,809,809,803,809
162,01,000,80928,00000,00000,0,A,West Blocton town,Alabama,1240,1291,1287,1279,1273,1262,1261,1261
162,01,000,81336,00000,00000,0,A,West Jefferson town,Alabama,338,340,340,339,338,338,338,336
162,01,000,81504,00000,00000,0,A,Westover town,Alabama,1275,1243,1269,1334,1379,1419,1446,1473
162,01,000,81528,00000,00000,0,A,West Point town,Alabama,586,583,583,584,583,585,588,593
162,01,000,81720,00000,00000,0,A,Wetumpka city,Alabama,6528,6662,6705,6878,7101,7360,7640,7994
162,01,000,81912,00000,00000,0,A,White Hall town,Alabama,858,874,873,861,840,830,818,811
162,01,000,82848,00000,00000,0,A,Wilsonville town,Alabama,1827,1908,1913,1930,1951,1967,1975,1980
162,01,000,82872,00000,00000,0,A,Wilton town,Alabama,687,679,681,684,688,689,689,687
162,01,000,82992,00000,00000,0,A,Winfield city,Alabama,4717,4654,4661,4652,4625,4597,4588,4570
162,01,000,83400,00000,00000,0,A,Woodland town,Alabama,184,184,184,183,182,182,181,183
162,01,000,83640,00000,00000,0,A,Woodstock town,Alabama,1428,1418,1417,1422,1441,1466,1505,1547
162,01,000,83664,00000,00000,0,A,Woodville town,Alabama,746,746,745,747,744,743,739,735
162,01,000,83976,00000,00000,0,A,Yellow Bluff town,Alabama,188,186,184,183,182,180,177,177
162,01,000,84096,00000,00000,0,A,York city,Alabama,2538,2538,2542,2480,2455,2450,2425,2399
050,01,001,00000,00000,00000,0,A,Autauga County,Alabama,54571,54571,54660,55253,55175,55038,55290,55347
157,01,001,03220,00000,00000,1,A,Autaugaville town,Alabama,870,879,880,882,878,861,862,859
157,01,001,06460,00000,00000,1,A,Billingsley town,Alabama,144,144,144,145,144,142,142,141
157,01,001,48712,00000,00000,1,A,Millbrook city (pt.),Alabama,144,144,144,145,144,144,146,148
157,01,001,62328,00000,00000,1,A,Prattville city (pt.),Alabama,32168,32194,32269,32798,32844,33117,33370,33513
157,01,001,99990,00000,00000,1,S,Balance of Autauga County,Alabama,21245,21210,21223,21283,21165,20774,20770,20686
050,01,003,00000,00000,00000,0,A,Baldwin County,Alabama,182265,182265,183193,186659,190396,195126,199713,203709
157,01,003,04660,00000,00000,1,A,Bay Minette city,Alabama,8044,8318,8347,8495,8637,8916,9037,9118
157,01,003,19648,00000,00000,1,A,Daphne city,Alabama,21570,21581,21812,22286,22825,23494,24344,24896
157,01,003,23320,00000,00000,1,A,Elberta town,Alabama,1498,1515,1521,1546,1573,1602,1631,1652
157,01,003,25240,00000,00000,1,A,Fairhope city,Alabama,15326,15338,15432,15937,16465,17310,18051,18730
157,01,003,26992,00000,00000,1,A,Foley city,Alabama,14618,15183,15259,15547,15865,16296,16750,17218
157,01,003,32272,00000,00000,1,A,Gulf Shores city,Alabama,9741,10106,10144,10300,10481,10705,10933,11131
157,01,003,44608,00000,00000,1,A,Loxley town,Alabama,1632,1628,1635,1656,1675,1697,1722,1785
157,01,003,46072,00000,00000,1,A,Magnolia Springs town,Alabama,723,723,725,737,751,766,781,791
157,01,003,57144,00000,00000,1,A,Orange Beach city,Alabama,5441,5441,5458,5534,5611,5695,5776,5850
157,01,003,59088,00000,00000,1,A,Perdido Beach town,Alabama,581,581,583,593,602,613,623,631
157,01,003,65208,00000,00000,1,A,Robertsdale city,Alabama,5276,5276,5308,5439,5537,5653,5761,5894
157,01,003,70536,00000,00000,1,A,Silverhill town,Alabama,706,706,708,718,728,736,752,761
157,01,003,71976,00000,00000,1,A,Spanish Fort city,Alabama,6798,6900,6938,7099,7318,7586,7790,8065
157,01,003,73872,00000,00000,1,A,Summerdale town,Alabama,862,896,901,917,930,950,1003,1128
157,01,003,99990,00000,00000,1,F,Balance of Baldwin County,Alabama,89449,88073,88422,89855,91398,93107,94759,96059
050,01,005,00000,00000,00000,0,A,Barbour County,Alabama,27457,27457,27341,27226,27159,26973,26815,26489
157,01,005,03724,00000,00000,1,A,Bakerhill town,Alabama,279,279,278,275,273,270,269,265
157,01,005,07672,00000,00000,1,A,Blue Springs town,Alabama,96,96,95,94,94,93,93,92
157,01,005,15376,00000,00000,1,A,Clayton town,Alabama,3008,3005,2999,2974,2959,2947,2944,2925
157,01,005,15640,00000,00000,1,A,Clio city,Alabama,1399,1399,1393,1559,1565,1553,1547,1529
157,01,005,24568,00000,00000,1,A,Eufaula city,Alabama,13137,13134,13073,12919,12929,12832,12769,12596
157,01,005,44344,00000,00000,1,A,Louisville town,Alabama,519,519,517,509,504,499,495,487
157,01,005,99990,00000,00000,1,F,Balance of Barbour County,Alabama,9019,9025,8986,8896,8835,8779,8698,8595
050,01,007,00000,00000,00000,0,A,Bibb County,Alabama,22915,22919,22861,22733,22642,22512,22549,22583
157,01,007,09136,00000,00000,1,A,Brent city,Alabama,4947,4947,4939,4922,4906,4886,4894,4898
157,01,007,13672,00000,00000,1,A,Centreville city,Alabama,2778,2778,2769,2750,2732,2710,2709,2704
157,01,007,78264,00000,00000,1,A,Vance town (pt.),Alabama,49,49,49,48,48,48,48,48
157,01,007,80928,00000,00000,1,A,West Blocton town,Alabama,1240,1291,1287,1279,1273,1262,1261,1261
157,01,007,83640,00000,00000,1,A,Woodstock town (pt.),Alabama,1330,1320,1319,1323,1340,1362,1399,1440
157,01,007,99990,00000,00000,1,F,Balance of Bibb County,Alabama,12571,12534,12498,12411,12343,12244,12238,12232
050,01,009,00000,00000,00000,0,A,Blount County,Alabama,57322,57322,57373,57711,57776,57734,57658,57673
157,01,009,01396,00000,00000,1,A,Allgood town,Alabama,622,622,623,627,628,628,627,628
157,01,009,01660,00000,00000,1,A,Altoona town (pt.),Alabama,30,30,30,30,30,30,30,30
157,01,009,07456,00000,00000,1,A,Blountsville town,Alabama,1684,1684,1686,1694,1695,1697,1696,1697
157,01,009,15472,00000,00000,1,A,Cleveland town,Alabama,1303,1303,1304,1313,1315,1315,1314,1315
157,01,009,17968,00000,00000,1,A,County Line town (pt.),Alabama,197,197,197,199,199,201,201,201
157,01,009,29032,00000,00000,1,A,Garden City town (pt.),Alabama,0,0,0,0,0,0,0,0
157,01,009,33640,00000,00000,1,A,Hayden town,Alabama,444,1333,1334,1340,1343,1341,1340,1341
157,01,009,34480,00000,00000,1,A,Highland Lake town,Alabama,412,412,414,418,419,422,422,424
157,01,009,43888,00000,00000,1,A,Locust Fork town,Alabama,1186,1186,1187,1192,1194,1192,1191,1192
157,01,009,53448,00000,00000,1,A,Nectar town,Alabama,345,342,342,345,345,345,345,345
157,01,009,57000,00000,00000,1,A,Oneonta city,Alabama,6567,6563,6571,6636,6639,6632,6621,6615
157,01,009,66408,00000,00000,1,A,Rosa town,Alabama,316,316,316,318,319,319,319,319
157,01,009,71280,00000,00000,1,A,Snead town,Alabama,835,835,836,841,843,843,842,843
157,01,009,74160,00000,00000,1,A,Susan Moore town,Alabama,763,763,764,769,770,770,770,770
157,01,009,76680,00000,00000,1,A,Trafford town (pt.),Alabama,0,0,0,0,0,0,0,0
157,01,009,99990,00000,00000,1,F,Balance of Blount County,Alabama,42618,41736,41769,41989,42037,41999,41940,41953
050,01,011,00000,00000,00000,0,A,Bullock County,Alabama,10914,10915,10887,10629,10606,10628,10829,10696
157,01,011,48424,00000,00000,1,A,Midway town,Alabama,499,499,498,485,480,485,495,488
157,01,011,77880,00000,00000,1,A,Union Springs city,Alabama,3980,3978,3966,3864,3905,3882,3976,3919
157,01,011,99990,00000,00000,1,F,Balance of Bullock County,Alabama,6435,6438,6423,6280,6221,6261,6358,6289
050,01,013,00000,00000,00000,0,A,Butler County,Alabama,20947,20946,20944,20673,20408,20261,20276,20154
157,01,013,29560,00000,00000,1,A,Georgiana town,Alabama,1738,1738,1736,1714,1691,1677,1678,1667
157,01,013,31912,00000,00000,1,A,Greenville city,Alabama,8135,8135,8135,8032,7939,7891,7895,7845
157,01,013,45496,00000,00000,1,A,McKenzie town (pt.),Alabama,522,522,522,516,509,507,507,505
157,01,013,99990,00000,00000,1,F,Balance of Butler County,Alabama,10552,10551,10551,10411,10269,10186,10196,10137
050,01,015,00000,00000,00000,0,A,Calhoun County,Alabama,118572,118586,118437,117768,117286,116575,115993,115620
157,01,015,01852,00000,00000,1,A,Anniston city,Alabama,23106,23120,23070,22909,22761,22616,22474,22347
157,01,015,29992,00000,00000,1,A,Glencoe city (pt.),Alabama,38,38,38,38,38,37,37,37
157,01,015,35152,00000,00000,1,A,Hobson City town,Alabama,771,771,770,763,761,762,765,768
157,01,015,38272,00000,00000,1,A,Jacksonville city,Alabama,12548,12578,12587,12499,12530,12330,12268,12222
157,01,015,56472,00000,00000,1,A,Ohatchee town,Alabama,1170,1156,1156,1158,1158,1153,1145,1146
157,01,015,57576,00000,00000,1,A,Oxford city (pt.),Alabama,17197,17186,17186,17164,17118,17073,17027,17086
157,01,015,59640,00000,00000,1,A,Piedmont city (pt.),Alabama,4878,4878,4869,4832,4798,4767,4739,4714
157,01,015,71832,00000,00000,1,A,Southside city (pt.),Alabama,155,155,155,154,154,154,154,153
157,01,015,80352,00000,00000,1,A,Weaver city,Alabama,3038,3035,3043,3054,3073,3096,3083,3091
157,01,015,99990,00000,00000,1,F,Balance of Calhoun County,Alabama,55671,55669,55563,55197,54895,54587,54301,54056
050,01,017,00000,00000,00000,0,A,Chambers County,Alabama,34215,34170,34098,33993,34075,34153,34052,34123
157,01,017,19216,00000,00000,1,A,Cusseta town,Alabama,123,123,123,123,123,124,123,124
157,01,017,26200,00000,00000,1,A,Five Points town,Alabama,141,141,141,140,141,142,141,142
157,01,017,40672,00000,00000,1,A,La Fayette city,Alabama,3003,3003,2995,2984,2989,2992,2982,2990
157,01,017,41296,00000,00000,1,A,Lanett city,Alabama,6468,6468,6455,6433,6448,6462,6443,6452
157,01,017,78204,00000,00000,1,A,Valley city,Alabama,9524,9479,9459,9437,9453,9478,9446,9464
157,01,017,80256,00000,00000,1,A,Waverly town (pt.),Alabama,98,98,98,98,98,98,98,98
157,01,017,99990,00000,00000,1,F,Balance of Chambers County,Alabama,14858,14858,14827,14778,14823,14857,14819,14853
050,01,019,00000,00000,00000,0,A,Cherokee County,Alabama,25989,25986,25976,26080,26023,26084,25995,25859
157,01,019,12760,00000,00000,1,A,Cedar Bluff town,Alabama,1820,1825,1823,1827,1819,1822,1813,1802
157,01,019,13648,00000,00000,1,A,Centre city,Alabama,3489,3489,3490,3511,3576,3594,3589,3570
157,01,019,16600,00000,00000,1,A,Collinsville town (pt.),Alabama,21,21,21,21,21,21,21,21
157,01,019,29296,00000,00000,1,A,Gaylesville town,Alabama,144,144,144,145,144,145,144,144
157,01,019,42016,00000,00000,1,A,Leesburg town,Alabama,1027,1024,1024,1028,1021,1023,1019,1014
157,01,019,59640,00000,00000,1,A,Piedmont city (pt.),Alabama,0,0,0,0,0,0,0,0
157,01,019,67920,00000,00000,1,A,Sand Rock town (pt.),Alabama,537,534,534,537,534,536,535,532
157,01,019,99990,00000,00000,1,F,Balance of Cherokee County,Alabama,18951,18949,18940,19011,18908,18943,18874,18776
050,01,021,00000,00000,00000,0,A,Chilton County,Alabama,43643,43631,43665,43739,43697,43795,43921,43943
157,01,021,11416,00000,00000,1,A,Calera city (pt.),Alabama,96,90,90,92,94,97,99,101
157,01,021,15136,00000,00000,1,A,Clanton city,Alabama,8619,8619,8628,8661,8658,8687,8725,8844
157,01,021,38608,00000,00000,1,A,Jemison city,Alabama,2585,2615,2617,2622,2620,2628,2630,2619
157,01,021,46504,00000,00000,1,A,Maplesville town,Alabama,708,708,709,708,705,705,705,704
157,01,021,76080,00000,00000,1,A,Thorsby town,Alabama,1980,1999,2001,2011,2017,2028,2042,2044
157,01,021,99990,00000,00000,1,F,Balance of Chilton County,Alabama,29655,29600,29620,29645,29603,29650,29720,29631
050,01,023,00000,00000,00000,0,A,Choctaw County,Alabama,13859,13858,13841,13593,13543,13378,13289,13170
157,01,023,11032,00000,00000,1,A,Butler town,Alabama,1894,1890,1888,1857,1849,1828,1815,1798
157,01,023,29704,00000,00000,1,A,Gilbertown town,Alabama,215,215,215,211,211,208,207,205
157,01,023,43384,00000,00000,1,A,Lisman town,Alabama,539,539,538,528,524,516,511,505
157,01,023,53472,00000,00000,1,A,Needham town,Alabama,94,95,95,93,93,92,92,91
157,01,023,58968,00000,00000,1,A,Pennington town,Alabama,221,220,220,216,215,213,212,210
157,01,023,70416,00000,00000,1,A,Silas town,Alabama,452,452,451,444,443,438,436,432
157,01,023,76632,00000,00000,1,A,Toxey town,Alabama,137,137,137,135,134,133,132,131
157,01,023,99990,00000,00000,1,F,Balance of Choctaw County,Alabama,10307,10310,10297,10109,10074,9950,9884,9798
050,01,025,00000,00000,00000,0,A,Clarke County,Alabama,25833,25840,25767,25570,25144,25116,24847,24675
157,01,025,16264,00000,00000,1,A,Coffeeville town,Alabama,352,352,351,349,343,344,340,338
157,01,025,28504,00000,00000,1,A,Fulton town,Alabama,272,272,271,270,265,265,263,261
157,01,025,32080,00000,00000,1,A,Grove Hill town,Alabama,1570,1569,1563,1550,1524,1520,1504,1494
157,01,025,38152,00000,00000,1,A,Jackson city,Alabama,5228,5224,5211,5168,5080,5068,5005,4967
157,01,025,75960,00000,00000,1,A,Thomasville city,Alabama,4209,4208,4195,4166,4097,4101,4073,4051
157,01,025,99990,00000,00000,1,F,Balance of Clarke County,Alabama,14202,14215,14176,14067,13835,13818,13662,13564
050,01,027,00000,00000,00000,0,A,Clay County,Alabama,13932,13932,13880,13670,13456,13467,13538,13555
157,01,027,02860,00000,00000,1,A,Ashland town,Alabama,2037,2037,2030,2003,1972,1972,1982,1983
157,01,027,43264,00000,00000,1,A,Lineville city,Alabama,2395,2395,2385,2347,2310,2310,2318,2319
157,01,027,99990,00000,00000,1,F,Balance of Clay County,Alabama,9500,9500,9465,9320,9174,9185,9238,9253
050,01,029,00000,00000,00000,0,A,Cleburne County,Alabama,14972,14972,14973,14971,14921,15028,15072,15018
157,01,029,23176,00000,00000,1,A,Edwardsville town,Alabama,202,202,202,202,202,203,204,204
157,01,029,28432,00000,00000,1,A,Fruithurst town,Alabama,284,280,280,280,280,282,283,282
157,01,029,33976,00000,00000,1,A,Heflin city,Alabama,3480,3485,3487,3498,3483,3506,3513,3499
157,01,029,63408,00000,00000,1,A,Ranburne town,Alabama,409,406,406,406,405,409,411,409
157,01,029,99990,00000,00000,1,F,Balance of Cleburne County,Alabama,10597,10599,10598,10585,10551,10628,10661,10624
050,01,031,00000,00000,00000,0,A,Coffee County,Alabama,49948,49948,50177,50448,51173,50755,50831,51211
157,01,031,23296,00000,00000,1,A,Elba city,Alabama,3940,3939,3950,3933,3948,3899,3887,3903
157,01,031,24184,00000,00000,1,A,Enterprise city (pt.),Alabama,26139,26136,26295,26673,27263,27129,27246,27494
157,01,031,40096,00000,00000,1,A,Kinston town,Alabama,540,540,542,540,543,537,537,540
157,01,031,53856,00000,00000,1,A,New Brockton town,Alabama,1146,1144,1147,1144,1159,1146,1147,1159
157,01,031,99990,00000,00000,1,F,Balance of Coffee County,Alabama,18183,18189,18243,18158,18260,18044,18014,18115
050,01,033,00000,00000,00000,0,A,Colbert County,Alabama,54428,54428,54514,54443,54472,54471,54480,54354
157,01,033,14152,00000,00000,1,A,Cherokee town,Alabama,1048,1048,1049,1043,1038,1031,1023,1014
157,01,033,42160,00000,00000,1,A,Leighton town,Alabama,729,729,729,727,725,721,717,712
157,01,033,43648,00000,00000,1,A,Littleville town,Alabama,1011,1011,1012,1006,1005,1002,995,990
157,01,033,53016,00000,00000,1,A,Muscle Shoals city,Alabama,13146,13156,13199,13288,13376,13468,13596,13706
157,01,033,69648,00000,00000,1,A,Sheffield city,Alabama,9039,9039,9043,8998,9032,9085,9135,9108
157,01,033,77280,00000,00000,1,A,Tuscumbia city,Alabama,8423,8576,8595,8582,8569,8554,8520,8474
157,01,033,99990,00000,00000,1,F,Balance of Colbert County,Alabama,21032,20869,20887,20799,20727,20610,20494,20350
